date,commit,seeds,worst_p99_ms,stuck,summary
2026-09-30T01:21,9d5aa90,1 2 3,0.201,0,"seed 1: 69 s, P2 wins with 9; seed 2: 77 s, P1 wins with 7; seed 3: 68 s, P2 wins with 8"
2026-09-30T01:22,589e986,1 2 3,0.199,0,"seed 1: 69 s, P2 wins with 9; seed 2: 77 s, P1 wins with 7; seed 3: 68 s, P2 wins with 8"
2026-09-30T01:30,b07d835,1 2 3,0.190,0,"seed 1: 69 s, P2 wins with 9; seed 2: 77 s, P1 wins with 7; seed 3: 68 s, P2 wins with 8"
2026-09-30T01:37,c575a9e,1 2 3,0.202,0,"seed 1: 69 s, P2 wins with 9; seed 2: 77 s, P1 wins with 7; seed 3: 68 s, P2 wins with 8"
2026-09-30T01:43,e4f924b,1 2 3,0.212,0,"seed 1: 69 s, P2 wins with 9; seed 2: 77 s, P1 wins with 7; seed 3: 68 s, P2 wins with 8"
2026-09-30T01:51,f0d33e4,1 2 3,0.193,0,"seed 1: 69 s, P2 wins with 9; seed 2: 77 s, P1 wins with 7; seed 3: 68 s, P2 wins with 8"
2026-09-30T01:56,24c63b1,1 2 3,0.196,0,"seed 1: 69 s, P2 wins with 9; seed 2: 77 s, P1 wins with 7; seed 3: 68 s, P2 wins with 8"
2026-09-30T01:58,24c63b1,1 2 3,0.194,0,"seed 1: 69 s, P2 wins with 9; seed 2: 77 s, P1 wins with 7; seed 3: 68 s, P2 wins with 8"
2026-09-30T02:15,9afff0a,1 2 3,0.184,0,"seed 1: 69 s, P2 wins with 9; seed 2: 77 s, P1 wins with 7; seed 3: 68 s, P2 wins with 8"
2026-09-30T02:21,ac406af,1 2 3,0.211,0,"seed 1: 69 s, P2 wins with 9; seed 2: 77 s, P1 wins with 7; seed 3: 68 s, P2 wins with 8"
2026-09-30T02:33,9502b58,1 2 3,0.164,0,"seed 1: 69 s, P2 wins with 9; seed 2: 77 s, P1 wins with 7; seed 3: 68 s, P2 wins with 8"
2026-09-30T02:34,9502b58,1 2 3,0.181,0,"seed 1: 69 s, P2 wins with 9; seed 2: 77 s, P1 wins with 7; seed 3: 68 s, P2 wins with 8"
2026-09-30T02:36,9502b58,1 2 3,0.182,0,"seed 1: 69 s, P2 wins with 9; seed 2: 77 s, P1 wins with 7; seed 3: 68 s, P2 wins with 8"
2026-09-30T02:37,9502b58,1 2 3,0.183,0,"seed 1: 69 s, P2 wins with 9; seed 2: 77 s, P1 wins with 7; seed 3: 68 s, P2 wins with 8"
2026-09-30T02:49,75efbf7,1 2 3,0.189,0,"seed 1: 69 s, P2 wins with 9; seed 2: 77 s, P1 wins with 7; seed 3: 68 s, P2 wins with 8"
2026-09-30T03:16,9559d7c,1 2 3,0.176,0,"seed 1: 69 s, P2 wins with 9; seed 2: 77 s, P1 wins with 7; seed 3: 68 s, P2 wins with 8"
2026-09-30T03:18,9559d7c,1 2 3,0.181,0,"seed 1: 69 s, P2 wins with 9; seed 2: 77 s, P1 wins with 7; seed 3: 68 s, P2 wins with 8"
2026-09-30T03:22,e2512fd,1 2 3,0.182,0,"seed 1: 69 s, P2 wins with 9; seed 2: 77 s, P1 wins with 7; seed 3: 68 s, P2 wins with 8"
2026-09-30T03:42,0db64e4,1 2 3,0.177,0,"seed 1: 69 s, P2 wins with 9; seed 2: 77 s, P1 wins with 7; seed 3: 68 s, P2 wins with 8"
2026-09-30T03:54,bbbddcf,1 2 3,0.187,0,"seed 1: 69 s, P2 wins with 9; seed 2: 77 s, P1 wins with 7; seed 3: 68 s, P2 wins with 8"
2026-09-30T03:56,bbbddcf,1 2 3,0.190,0,"seed 1: 69 s, P2 wins with 9; seed 2: 77 s, P1 wins with 7; seed 3: 68 s, P2 wins with 8"
2026-09-30T04:08,110214b,1 2 3,0.187,0,"seed 1: 69 s, P2 wins with 9; seed 2: 77 s, P1 wins with 7; seed 3: 68 s, P2 wins with 8"
2026-09-30T04:18,d74cca0,1 2 3,0.196,0,"seed 1: 69 s, P2 wins with 9; seed 2: 77 s, P1 wins with 7; seed 3: 68 s, P2 wins with 8"
2026-09-30T04:26,542130d,1 2 3,0.171,0,"seed 1: 69 s, P2 wins with 9; seed 2: 77 s, P1 wins with 7; seed 3: 68 s, P2 wins with 8"
2026-09-30T04:33,3fa50e7,1 2 3,0.181,0,"seed 1: 69 s, P2 wins with 9; seed 2: 77 s, P1 wins with 7; seed 3: 68 s, P2 wins with 8"
2026-09-30T04:47,b133b1a,1 2 3,0.193,0,"seed 1: 69 s, P2 wins with 9; seed 2: 77 s, P1 wins with 7; seed 3: 68 s, P2 wins with 8"
2026-09-30T04:57,d09e136,1 2 3,0.190,0,"seed 1: 69 s, P2 wins with 9; seed 2: 77 s, P1 wins with 7; seed 3: 68 s, P2 wins with 8"
2026-09-30T05:09,8f6b015,1 2 3,0.185,0,"seed 1: 69 s, P2 wins with 9; seed 2: 77 s, P1 wins with 7; seed 3: 68 s, P2 wins with 8"
2026-09-30T05:15,eccebdd,1 2 3,0.249,0,"seed 1: 69 s, P2 wins with 9; seed 2: 77 s, P1 wins with 7; seed 3: 68 s, P2 wins with 8"
2026-09-30T05:23,cf152ac,1 2 3,0.179,0,"seed 1: 69 s, P2 wins with 9; seed 2: 77 s, P1 wins with 7; seed 3: 68 s, P2 wins with 8"
2026-09-30T05:25,cf152ac,1 2 3,0.204,0,"seed 1: 69 s, P2 wins with 9; seed 2: 77 s, P1 wins with 7; seed 3: 68 s, P2 wins with 8"
2026-09-30T05:27,0e114b6,1 2 3,0.191,0,"seed 1: 69 s, P2 wins with 9; seed 2: 77 s, P1 wins with 7; seed 3: 68 s, P2 wins with 8"
2026-09-30T05:50,0e114b6,1 2 3,0.177,0,"seed 1: 69 s, P2 wins with 9; seed 2: 77 s, P1 wins with 7; seed 3: 68 s, P2 wins with 8"
2026-09-30T06:10,a7991b9,1 2 3,0.198,0,"seed 1: 69 s, P2 wins with 9; seed 2: 77 s, P1 wins with 7; seed 3: 68 s, P2 wins with 8"
2026-09-30T06:18,45e86f3,1 2 3,0.190,0,"seed 1: 69 s, P2 wins with 9; seed 2: 77 s, P1 wins with 7; seed 3: 68 s, P2 wins with 8"
2026-09-30T06:26,f032524,1 2 3,0.206,0,"seed 1: 69 s, P2 wins with 9; seed 2: 77 s, P1 wins with 7; seed 3: 68 s, P2 wins with 8"
2026-09-30T06:34,4ed6f22,1 2 3,0.207,0,"seed 1: 69 s, P2 wins with 9; seed 2: 77 s, P1 wins with 7; seed 3: 68 s, P2 wins with 8"
2026-09-30T06:36,4ed6f22,1 2 3,0.192,0,"seed 1: 69 s, P2 wins with 9; seed 2: 77 s, P1 wins with 7; seed 3: 68 s, P2 wins with 8"
2026-09-30T06:44,a333b15,1 2 3,0.195,0,"seed 1: 69 s, P2 wins with 9; seed 2: 77 s, P1 wins with 7; seed 3: 68 s, P2 wins with 8"
2026-09-30T06:53,f0fd053,1 2 3,0.200,0,"seed 1: 69 s, P2 wins with 9; seed 2: 77 s, P1 wins with 7; seed 3: 68 s, P2 wins with 8"
2026-09-30T06:58,f0fd053,1 2 3,0.199,0,"seed 1: 69 s, P2 wins with 9; seed 2: 77 s, P1 wins with 7; seed 3: 68 s, P2 wins with 8"
2026-09-30T07:06,d4aeba5,1 2 3,0.210,0,"seed 1: 69 s, P2 wins with 9; seed 2: 77 s, P1 wins with 7; seed 3: 68 s, P2 wins with 8"
2026-09-30T07:13,d4aeba5,1 2 3,0.181,0,"seed 1: 69 s, P2 wins with 9; seed 2: 77 s, P1 wins with 7; seed 3: 68 s, P2 wins with 8"
2026-09-30T07:16,d4aeba5,1 2 3,0.166,0,"seed 1: 69 s, P2 wins with 9; seed 2: 77 s, P1 wins with 7; seed 3: 68 s, P2 wins with 8"
2026-09-30T07:29,e1ac4e8,1 2 3,0.181,0,"seed 1: 69 s, P2 wins with 9; seed 2: 77 s, P1 wins with 7; seed 3: 68 s, P2 wins with 8"
