date,commit,sim_p50_ms,sim_p99_ms,blocked_pct,stuck_units,gave_up,searches,avg_path_work
2026-09-29T22:45,6759e33,0.072,0.765,1.97,1,0,2580,3946
2026-09-29T22:45,d2c3036,0.072,0.781,1.97,1,0,2580,3946
2026-09-29T22:46,d2c3036,0.070,0.765,1.97,1,0,2580,3946
2026-09-29T22:47,258e05f,0.070,0.802,1.97,1,0,2580,3946
2026-09-29T22:53,258e05f,0.071,0.767,1.97,1,0,2580,3946
2026-09-29T22:55,090ad01,0.071,0.760,1.97,1,0,2580,3946
2026-09-29T22:57,f273112,0.071,0.820,1.97,1,0,2580,3946
2026-09-29T22:59,cdc803a,0.070,0.795,1.97,1,0,2580,3946
2026-09-29T23:01,9fadf47,0.072,0.811,1.97,1,0,2580,3946
2026-09-29T23:06,4243e3d,0.098,0.780,1.97,1,0,2580,3946
2026-09-29T23:07,c4d83c6,0.097,0.816,1.97,1,0,2580,3946
2026-09-29T23:07,c4d83c6,0.098,0.846,1.97,1,0,2580,3946
2026-09-29T23:15,e465375,0.097,0.793,1.97,1,0,2580,3946
2026-09-29T23:21,2ddc5d1,0.095,0.802,1.97,1,0,2580,3946
2026-09-29T23:24,fc21b0a,0.098,0.822,1.97,1,0,2580,3946
2026-09-29T23:28,5cdba95,0.102,0.785,1.61,0,0,2539,3898
2026-09-29T23:32,c367155,0.108,0.813,1.61,0,0,2539,3898
2026-09-29T23:36,7a179ba,0.112,0.808,1.61,0,0,2539,3898
2026-09-29T23:39,7a179ba,0.139,1.004,1.54,0,0,3247,3598
2026-09-29T23:44,313b35a,0.130,1.002,1.54,0,0,3247,3598
2026-09-29T23:55,8901b7d,0.141,1.039,1.54,0,0,3247,3598
2026-09-29T23:56,8901b7d,0.164,1.082,1.44,0,0,3372,3600
