date,commit,minutes,start_pop,avg_pop,tick_p50_ms,tick_p99_ms,tick_max_ms,sim_p99_ms,full_pop_p99_ms
2026-10-01T01:03,b7cf09d,5,400,285,0.590,1.985,6.58,0.758,3.198
2026-10-01T01:08,b7cf09d,5,400,285,0.591,2.069,6.57,0.748,3.077
2026-10-01T01:28,be0cdb5,5,400,285,0.574,1.992,6.50,0.721,2.999
2026-10-01T01:39,fa5506a,5,400,285,0.586,1.999,6.58,0.731,3.075
2026-10-01T01:42,fa5506a,5,400,285,0.599,2.012,6.72,0.705,3.138
2026-10-01T01:46,fa5506a,5,400,285,0.587,2.058,6.55,0.730,3.120
2026-10-01T02:04,c930cfb,5,400,285,0.598,2.074,6.63,0.796,3.345
2026-10-01T02:13,acad149,5,400,285,0.578,1.972,6.76,0.717,3.009
2026-10-01T02:26,2cc6e28,5,400,285,0.578,1.992,6.49,0.741,3.058
2026-10-01T02:39,5434ccc,5,400,285,0.568,1.960,6.56,0.726,3.098
2026-10-01T02:45,2fba9fc,5,400,285,0.565,1.942,6.47,0.699,3.085
2026-10-01T21:51,ba27c54,5,400,285,0.571,1.912,6.46,0.692,3.266
2026-10-02T00:00,880a530,5,400,285,0.588,1.997,6.68,0.731,3.097
2026-10-02T00:04,9def2de,5,400,285,0.610,2.110,6.69,0.785,3.244
2026-10-02T00:24,89caeac,5,400,285,0.592,2.032,6.47,0.722,3.256
2026-10-02T00:36,7c72669,5,400,285,0.586,2.037,6.99,0.752,3.232
2026-10-02T00:42,88f5105,5,400,285,0.602,2.088,6.67,0.759,3.216
2026-10-02T00:46,800b80c,5,400,285,0.582,2.057,6.64,0.743,3.189
2026-10-02T00:52,13702b3,5,400,285,0.580,1.990,6.54,0.727,3.127
2026-10-02T00:58,226d023,5,400,285,0.586,2.020,6.73,0.736,3.149
2026-10-02T01:06,9a09f78,5,400,285,0.593,2.085,6.64,0.757,3.179
2026-10-02T01:10,19eef50,5,400,285,0.623,2.149,7.06,0.783,3.400
2026-10-02T01:13,1ad803a,5,400,285,0.608,2.111,6.64,0.778,3.111
2026-10-02T01:19,e37b819,5,400,285,0.604,2.114,7.05,0.784,3.392
2026-10-02T01:24,85bdd33,5,400,285,0.573,1.992,6.54,0.707,3.172
2026-10-02T01:42,85bdd33,5,400,285,0.589,2.051,6.88,0.738,3.199
2026-10-02T01:47,29356fc,5,400,285,0.583,2.006,6.59,0.740,3.194
2026-10-02T01:54,009b0ac,5,400,285,0.584,2.035,6.57,0.770,3.082
2026-10-02T02:17,a047242,5,400,285,0.592,2.023,6.93,0.751,3.118
2026-10-02T02:23,a012920,5,400,285,0.583,2.001,6.53,0.730,3.158
2026-10-02T02:25,a012920,5,400,285,0.580,2.014,6.51,0.743,3.099
2026-10-02T02:35,23a842b,5,400,285,0.579,1.993,6.49,0.719,3.169
2026-10-02T02:46,57da9dd,5,400,285,0.588,2.023,6.60,0.748,3.172
2026-10-02T02:50,89bd435,5,400,285,0.591,2.040,6.41,0.752,3.060
2026-10-02T03:01,966a532,5,400,285,0.582,2.011,6.65,0.738,3.125
2026-10-02T03:06,287e77f,5,400,285,0.581,1.947,7.32,0.739,3.092
2026-10-02T03:10,287e77f,5,400,285,0.585,2.054,6.22,0.721,3.177
2026-10-02T03:13,287e77f,5,400,285,0.585,2.065,6.61,0.749,3.188
2026-10-02T03:16,287e77f,5,400,285,0.580,2.024,6.55,0.755,3.185
2026-10-02T03:19,6bf4d40,5,400,285,0.579,2.002,6.54,0.730,3.319
2026-10-02T03:41,afcc0bd,5,400,285,0.578,1.971,6.42,0.727,3.177
2026-10-02T03:46,db2ec55,5,400,285,0.590,2.122,6.87,0.789,3.174
2026-10-02T03:51,012eef6,5,400,285,0.578,2.069,6.49,0.742,3.109
2026-10-02T03:56,ef133b2,5,400,285,0.567,1.995,6.29,0.707,3.056
2026-10-02T04:04,af7638d,5,400,285,0.573,1.999,6.38,0.708,3.136
2026-10-02T04:09,1ee9a6a,5,400,285,0.568,1.978,6.35,0.700,3.032
2026-10-02T04:21,4a165b4,5,400,285,0.563,1.963,6.23,0.701,2.981
2026-10-02T04:26,e8b4194,5,400,285,0.586,2.007,6.34,0.720,3.175
2026-10-02T04:31,e8b4194,5,400,285,0.574,2.018,6.42,0.722,3.237
2026-10-02T04:40,4522bd6,5,400,285,0.596,2.059,6.94,0.771,3.067
2026-10-02T05:03,87d756c,5,400,285,0.570,2.029,6.55,0.733,3.068
2026-10-02T05:10,87d756c,5,400,285,0.569,1.978,6.47,0.707,3.033
2026-10-02T05:16,463669d,5,400,285,0.568,1.955,6.55,0.715,3.041
2026-10-02T05:29,5f91343,5,400,285,0.580,2.161,6.59,0.740,3.036
